table_id,feature_id
1,73
1,9
1,33
1,16
2,58
2,61
2,49
2,27
2,13
2,63
3,50
3,56
3,1
4,35
4,30
4,14
4,41
4,4
4,3
5,70
5,2
5,49
6,55
6,4
6,68
6,29
7,64
7,71
7,30
7,45
7,29
8,38
8,3
8,54
8,72
8,13
8,24
9,16
9,43
9,65
9,55
10,39
10,37
10,64
10,65
11,5
11,62
11,32
11,52
11,54
11,23
12,71
12,48
12,12
12,57
12,66
13,21
13,67
13,51
14,63
14,4
14,61
14,6
14,40
15,22
15,65
15,30
15,2
15,26
16,52
16,66
16,45
16,74
17,59
17,35
17,71
17,1
17,50
18,67
18,72
18,27
18,55
19,62
19,47
19,73
20,65
20,53
20,63
20,46
21,45
21,1
21,69
21,70
21,43
21,59
22,30
22,23
22,71
23,12
23,71
23,33
23,5
24,11
24,3
24,58
25,36
25,32
25,35
26,24
26,45
26,38
27,22
27,21
27,33
28,35
28,38
28,59
28,42
29,61
29,15
29,4
29,40
29,50
29,44
30,25
30,34
30,14
30,33
30,66
30,27
31,3
31,29
31,51
31,19
31,5
32,58
32,65
32,55
32,70
33,67
33,58
33,29
33,68
34,51
34,74
34,42
35,8
35,39
35,17
35,28
35,7
35,40
36,10
36,40
36,39
37,54
37,73
37,33
37,17
38,72
38,5
38,28
39,22
39,66
39,5
39,49
39,26
39,45
40,27
40,74
40,56
41,64
41,14
41,50
41,38
42,3
42,42
42,52
42,37
42,21
43,42
43,73
43,18
43,44
44,28
44,35
44,13
44,49
44,71
44,45
45,69
45,31
45,9
45,6
45,11
45,18
46,22
46,69
46,28
46,35
47,65
47,33
47,48
47,44
48,38
48,31
48,63
49,75
49,71
49,14
49,42
50,53
50,10
50,49
51,17
51,44
51,15
51,49
52,74
52,71
52,29
53,35
53,47
53,38
54,59
54,36
54,14
55,38
55,2
56,53
56,15
56,6
57,31
57,54
57,21
57,15
58,22
58,31
58,21
58,14
58,56
58,49
59,71
59,33
59,62
59,41
59,13
60,41
60,6
60,4
60,2
61,41
61,58
61,51
61,52
62,9
62,41
62,59
63,33
63,28
63,70
64,46
64,34
64,24
64,70
64,27
64,40
65,32
65,47
65,11
65,36
66,58
66,12
66,74
67,30
67,50
67,40
67,6
67,42
68,41
68,75
68,39
68,32
69,13
69,70
69,75
69,12
69,32
70,3
70,32
70,52
70,10
71,71
71,10
71,3
71,2
72,46
72,64
72,61
72,20
72,13
73,10
73,66
73,23
73,20
74,41
74,40
74,14
74,66
75,17
75,27
75,19
75,70
75,5
76,71
76,27
76,23
76,39
76,56
77,7
77,32
77,33
77,9
78,56
78,71
78,33
78,70
78,57
78,69
79,2
79,51
79,44
79,22
79,34
79,63
80,54
80,74
80,3
81,46
81,75
81,18
82,18
82,34
82,36
82,51
83,23
83,12
83,30
83,63
83,1
84,65
84,57
84,29
84,31
84,41
85,62
85,29
85,53
85,44
85,72
85,36
86,7
86,10
86,66
86,48
87,66
87,27
87,40
87,39
88,71
88,48
88,22
88,60
88,11
89,66
89,74
89,49
90,20
90,33
90,55
90,28
91,64
91,51
91,45
92,66
92,22
92,70
92,6
92,68
92,12
93,13
93,35
93,11
93,18
94,31
94,49
94,56
94,51
94,22
94,42
95,17
95,63
95,28
95,16
95,56
95,69
96,16
96,38
96,36
96,32
96,49
96,72
97,25
97,68
97,57
98,4
98,32
98,34
99,23
99,37
99,19
99,70
100,35
100,40
100,75
100,33
101,22
101,70
101,46
101,63
101,54
101,16
102,74
102,50
102,27
102,37
103,4
103,16
103,73
104,70
104,38
104,18
105,65
105,48
105,74
106,56
106,65
106,46
106,68
106,42
107,16
107,57
107,58
108,40
108,70
108,52
108,44
108,74
109,15
109,49
109,27
109,72
109,1
110,66
110,26
110,60
110,67
110,53
111,22
111,58
111,68
111,26
111,47
112,50
112,75
112,55
113,44
113,75
113,9
113,64
113,32
113,38
114,53
114,20
114,51
115,23
115,10
115,2
115,45
115,34
116,70
116,39
116,20
116,60
116,34
116,63
117,60
117,66
117,6
117,35
118,55
118,9
118,46
119,57
119,3
119,22
120,12
120,52
120,36
120,39
121,68
121,27
121,31
121,43
122,9
122,10
122,67
122,48
122,60
123,22
123,39
123,72
124,46
124,30
124,51
124,72
124,52
125,62
125,34
125,43
125,29
126,32
126,4
126,52
126,41
126,56
127,35
127,25
127,10
127,22
128,75
128,19
128,34
128,59
128,68
128,21
129,18
129,57
129,47
129,40
130,31
130,15
130,27
130,40
130,9
130,14
131,51
131,42
131,64
131,13
132,6
132,8
132,3
132,28
133,64
133,68
133,57
134,36
134,16
134,23
134,13
134,29
135,30
135,64
135,58
135,49
135,22
136,37
136,60
136,71
136,75
137,28
137,58
137,34
137,43
137,64
137,15
138,11
138,6
138,2
138,1
139,41
139,50
139,75
139,37
139,26
139,52
140,20
140,4
140,2
140,50
141,70
141,8
141,73
141,49
142,17
142,11
142,60
142,39
142,2
143,69
143,8
143,68
144,6
144,36
144,16
144,56
145,25
145,4
145,64
146,36
146,25
146,58
146,50
147,35
147,34
147,32
147,8
148,45
148,55
148,72
148,67
149,46
149,71
149,53
150,69
150,55
150,9
150,35
151,33
151,23
151,13
152,8
152,27
152,55
152,6
153,12
153,66
153,61
154,13
154,41
154,6
154,17
154,69
155,57
155,17
155,51
156,4
156,68
156,35
156,12
156,33
156,42
157,39
157,5
157,50
158,34
158,41
158,17
159,49
159,15
159,39
159,13
159,55
160,65
160,72
160,27
160,43
161,66
161,51
161,75
161,62
161,14
162,58
162,68
162,72
162,75
163,38
163,21
163,26
164,50
164,67
164,42
164,13
164,53
165,17
165,74
165,9
165,6
165,39
166,54
166,39
166,41
166,46
166,35
167,67
167,65
167,2
167,68
167,16
168,41
168,42
168,74
169,58
169,36
169,62
170,47
170,49
170,11
170,75
170,8
170,18
171,68
171,63
171,74
172,32
172,74
172,44
172,47
172,48
173,40
173,60
173,44
173,69
173,65
173,22
174,19
174,33
174,29
175,15
175,24
175,53
175,7
176,70
176,35
176,14
177,34
177,9
177,74
177,68
178,10
178,28
178,23
179,3
179,48
179,63
179,37
179,29
179,26
180,31
180,55
180,58
180,47
180,70
180,25
181,10
181,33
181,53
181,26
181,2
181,69
182,66
182,63
182,10
182,52
182,75
183,6
183,46
183,59
183,1
183,25
183,39
184,70
184,16
184,39
185,70
185,74
185,71
185,37
185,68
186,70
186,67
186,53
186,75
186,40
186,58
187,17
187,65
187,57
187,18
187,71
188,33
188,2
188,55
188,73
189,48
189,54
189,52
190,3
190,12
190,1
190,50
191,60
191,35
191,48
191,62
191,44
192,59
192,15
192,62
192,46
192,19
192,54
193,3
193,23
193,34
193,48
194,37
194,53
194,34
194,66
195,54
195,36
195,56
195,43
195,63
196,63
196,52
196,55
196,12
197,17
197,27
197,20
198,4
198,14
198,33
198,20
199,13
199,52
199,24
199,1
199,12
199,55
200,71
200,28
200,69
201,45
201,7
201,14
201,71
201,54
201,16
202,36
202,23
202,62
202,7
202,28
203,50
203,16
203,58
204,66
204,64
204,51
204,15
204,62
205,20
205,50
205,26
206,67
206,33
206,54
206,69
207,64
207,70
207,28
207,44
207,63
208,2
208,45
208,35
209,70
209,57
209,39
210,30
210,66
210,36
211,32
211,53
211,19
211,17
211,33
212,53
212,72
212,8
212,69
213,53
213,35
213,36
213,62
214,35
214,63
214,28
214,64
214,48
215,31
215,44
215,23
215,24
215,75
215,58
216,8
216,65
216,42
216,68
217,28
217,41
217,64
217,62
218,16
218,17
218,18
218,33
218,29
219,69
219,7
219,73
220,15
220,29
220,73
220,26
221,55
221,42
221,1
221,3
221,40
222,11
222,29
222,36
222,44
223,67
223,49
223,3
223,16
223,43
224,18
224,15
224,33
224,19
224,74
225,45
225,10
225,12
226,39
226,41
226,32
227,68
227,7
227,47
227,4
227,11
228,52
228,48
228,31
228,13
229,36
229,2
229,66
229,42
229,15
230,17
230,35
230,52
230,12
230,74
231,73
231,54
231,69
231,51
231,39
231,29
232,71
232,18
232,7
232,66
232,15
233,31
233,28
233,56
233,36
234,33
234,69
234,35
235,61
235,17
235,52
235,14
235,48
236,70
236,47
237,40
237,58
237,17
238,10
238,75
238,19
238,28
239,43
239,47
239,38
239,21
239,20
239,49
240,52
240,16
240,19
240,35
240,38
240,2
241,17
241,49
241,72
242,59
242,4
242,56
243,36
243,48
243,53
243,52
243,60
243,7
244,61
244,5
244,1
245,15
245,18
245,68
246,71
246,35
246,73
246,46
246,61
247,31
247,14
247,72
247,46
248,15
248,6
248,41
248,55
249,33
249,8
249,56
249,54
249,49
250,38
250,44
250,57
250,31
250,67
251,8
251,44
251,15
251,66
252,70
252,63
252,44
252,16
253,62
253,27
253,50
254,51
254,30
254,13
254,32
255,43
255,32
255,60
255,61
255,48
256,25
256,56
256,57
256,52
256,70
256,16
257,35
257,17
257,20
257,2
257,49
257,54
258,4
258,10
258,24
259,49
259,65
259,37
259,20
259,68
260,33
260,3
260,60
261,30
261,69
261,51
261,1
261,70
261,32
262,21
262,23
262,44
262,31
262,10
262,69
263,23
263,49
263,75
263,3
264,55
264,31
264,6
264,67
265,65
265,69
265,10
265,32
266,60
266,16
266,73
266,7
266,50
266,12
267,62
267,6
267,67
268,2
268,3
268,40
268,60
269,54
269,22
269,18
269,72
269,41
270,65
270,54
270,71
270,22
270,51
270,50
271,64
271,36
271,47
271,20
272,73
272,36
272,23
272,11
272,47
273,19
273,34
273,33
273,45
274,36
274,73
274,60
274,2
274,20
274,17
275,29
275,26
275,10
275,75
275,69
276,70
276,55
276,31
276,74
277,71
277,59
277,51
277,26
278,10
278,20
278,8
279,52
279,49
279,54
280,17
280,69
280,70
280,10
281,49
281,18
281,37
281,26
282,46
282,23
282,29
282,39
282,19
282,45
283,69
283,38
283,12
283,66
283,39
283,27
284,3
284,38
284,14
284,48
284,57
284,33
285,7
285,41
285,21
286,14
286,15
286,56
286,32
287,65
287,51
287,16
288,50
288,67
288,18
288,75
289,1
289,16
289,26
289,73
289,49
290,70
290,30
290,35
290,5
290,22
290,71
291,53
291,36
291,54
291,52
292,64
292,13
292,17
292,24
292,72
293,59
293,6
293,63
294,51
294,69
294,44
294,32
295,10
295,6
295,55
296,25
296,23
296,65
296,66
296,50
297,26
297,30
297,47
297,9
297,44
298,59
298,6
298,23
299,37
299,61
299,6
299,75
300,73
300,51
300,12
301,66
301,74
301,39
301,51
301,35
301,46
302,7
302,71
302,62
302,3
302,55
302,39
303,20
303,72
303,36
303,9
303,47
304,51
304,67
304,4
304,74
304,75
304,15
305,74
305,68
305,2
306,43
306,44
306,48
307,48
307,75
307,10
308,11
308,70
308,58
308,43
308,65
309,21
309,42
309,47
310,19
310,75
310,14
311,41
311,66
311,54
311,47
311,44
311,34
312,5
312,9
312,32
312,34
312,51
313,74
313,11
313,10
313,22
313,35
314,11
314,17
314,37
314,71
314,34
314,31
315,13
315,36
315,62
315,7
316,27
316,70
316,10
316,71
316,41
317,38
317,67
317,18
317,5
317,57
318,5
318,4
318,41
318,54
318,21
319,68
319,55
319,24
320,30
320,15
320,17
320,65
321,35
321,59
321,26
322,47
322,59
322,43
323,29
323,2
323,63
323,5
324,33
324,71
324,6
324,2
325,11
325,68
325,23
325,5
326,27
326,57
326,37
326,32
327,65
327,48
327,42
327,51
327,10
327,25
328,25
328,39
328,75
328,55
329,47
329,3
329,63
329,14
329,74
330,75
330,44
330,10
330,54
330,25
331,73
331,71
331,65
331,62
331,74
331,58
332,22
332,35
332,68
332,39
332,73
332,51
333,33
333,40
333,2
333,6
333,59
334,46
334,30
334,66
334,57
334,27
334,61
335,19
335,50
335,56
335,7
335,15
336,2
336,33
336,70
336,7
336,40
337,2
337,42
337,44
337,40
337,7
337,27
338,43
338,16
338,9
339,38
339,53
339,44
339,30
340,24
340,65
340,74
341,39
341,38
341,49
341,54
341,68
342,10
342,26
342,53
342,30
342,6
342,31
343,32
343,51
343,49
343,27
344,39
344,47
344,1
344,40
345,64
345,22
345,19
345,4
345,48
345,56
346,66
346,63
346,41
346,15
346,75
347,71
347,36
347,55
347,2
347,40
348,63
348,15
348,65
349,34
349,56
349,48
349,30
350,14
350,66
351,17
351,38
351,7
351,9
352,1
352,8
352,55
352,3
353,8
353,2
353,5
354,43
354,3
354,2
354,72
354,28
355,26
355,35
355,38
355,75
355,71
355,67
356,30
356,24
356,27
356,51
356,8
357,72
357,58
357,5
357,43
358,53
358,16
358,3
358,73
358,24
359,24
359,28
359,29
360,39
360,13
360,8
360,41
361,9
361,57
361,20
361,30
362,37
362,45
362,8
363,57
363,26
363,30
364,16
364,8
364,26
364,7
365,12
365,29
365,37
366,68
366,55
366,32
366,5
366,33
367,42
367,45
367,46
367,59
368,50
368,12
368,55
368,32
368,63
368,44
369,15
369,31
369,10
369,56
370,69
370,39
370,43
370,48
370,53
371,47
371,46
371,41
371,51
371,61
371,66
372,48
372,17
372,39
373,39
373,73
373,17
373,71
374,22
374,59
374,20
374,18
375,11
375,33
375,31
375,46
376,22
376,36
376,61
376,40
376,10
377,20
377,71
377,46
377,58
377,14
378,9
378,24
378,62
378,69
378,5
379,25
379,46
379,47
380,65
380,48
380,44
380,16
380,24
381,5
381,35
381,27
381,8
381,32
381,39
382,73
382,52
382,32
382,47
382,7
383,38
383,73
383,1
383,26
384,18
384,29
384,48
385,19
385,21
385,30
385,10
385,40
386,57
386,75
386,66
386,61
386,24
387,26
387,56
387,10
387,36
387,27
388,19
388,18
388,27
388,3
389,63
389,47
389,24
389,7
390,11
390,31
390,28
390,12
390,57
391,44
391,22
391,74
391,3
392,41
392,62
392,71
392,5
393,47
393,64
393,72
394,18
394,63
394,9
394,66
394,41
395,41
395,74
395,12
395,62
395,44
396,10
396,34
396,9
396,42
396,3
396,24
397,29
397,41
397,34
397,33
397,40
398,54
398,2
398,38
398,21
398,7
399,56
399,28
400,46
400,73
400,64
400,74
400,37
401,23
401,42
401,19
401,46
401,13
402,46
402,67
402,73
402,25
402,51
402,58
403,62
403,32
403,5
404,10
404,5
404,67
405,73
405,62
405,42
405,67
405,22
406,51
406,2
406,50
406,71
406,72
406,58
407,48
407,7
407,46
408,31
408,70
408,39
408,12
408,57
408,46
409,21
409,18
409,57
409,6
410,73
410,44
410,23
410,63
411,2
411,74
411,30
411,8
411,57
411,21
412,52
412,60
412,16
412,41
413,18
413,22
413,43
413,17
413,24
414,30
414,71
414,55
414,60
414,59
415,22
415,67
415,65
415,40
415,27
416,20
416,1
416,44
416,16
416,55
417,66
417,23
417,57
417,58
417,69
418,27
418,7
418,11
418,14
418,13
419,18
419,57
419,51
419,24
419,61
419,58
420,25
420,58
420,63
421,38
421,45
421,23
421,35
421,24
421,4
422,9
422,71
422,30
423,41
423,57
423,43
423,14
423,50
423,7
424,36
424,53
424,60
424,43
424,65
424,13
425,52
425,70
425,55
425,62
426,41
426,19
426,45
426,18
427,29
427,28
427,59
427,20
428,14
428,55
428,7
429,20
429,48
429,72
429,42
429,36
429,51
430,50
430,63
430,58
431,39
431,75
431,50
431,41
431,38
432,13
432,63
432,24
432,58
433,59
433,14
433,69
433,16
434,41
434,64
434,72
434,44
434,75
435,72
435,60
435,42
435,63
435,51
436,22
436,31
436,69
436,26
437,7
437,42
437,8
437,43
438,4
438,45
438,47
438,53
438,27
439,29
439,41
439,51
439,50
439,23
440,50
440,45
440,29
441,9
441,41
441,50
441,27
442,13
442,56
442,1
442,45
442,12
443,20
443,15
443,69
443,23
443,44
443,19
444,56
444,42
444,70
444,67
444,36
444,27
445,21
445,22
445,69
446,16
446,57
446,75
446,67
447,56
447,18
447,43
447,41
448,3
448,46
448,23
448,29
449,64
449,63
449,5
449,12
450,69
450,61
450,73
450,19
451,47
451,18
451,36
451,45
452,50
452,61
452,4
453,26
453,31
453,27
453,1
453,39
453,6
454,67
454,25
454,10
454,14
454,15
455,43
455,14
455,58
455,74
455,67
455,62
456,19
456,56
456,48
456,45
456,50
457,56
457,48
457,71
457,27
457,26
457,9
458,31
458,3
459,59
459,57
459,73
459,13
459,7
459,23
460,6
460,56
460,36
461,17
461,31
461,48
461,54
461,44
461,75
462,65
462,59
462,17
463,75
463,8
463,45
463,16
463,32
464,56
464,20
464,3
465,17
465,20
465,37
465,4
465,61
466,62
466,9
466,56
467,61
467,70
467,65
468,17
468,69
468,51
469,31
469,67
469,49
469,62
469,41
469,57
470,9
470,27
470,48
471,13
471,46
471,14
472,15
472,12
472,1
472,66
473,31
473,12
473,40
473,63
473,8
473,74
474,72
474,39
474,51
474,6
474,4
474,36
475,57
475,29
475,35
475,42
475,62
476,35
476,66
476,23
477,59
477,38
477,75
477,24
477,42
477,66
478,53
478,72
478,51
478,62
478,29
478,40
479,9
479,19
479,64
480,47
480,34
480,40
481,18
481,14
481,65
481,59
482,58
482,61
482,73
483,70
483,48
483,17
483,2
483,69
484,35
484,9
484,60
484,37
485,35
485,65
485,3
486,15
486,13
486,42
486,74
486,58
486,12
487,68
487,44
487,6
487,25
487,22
487,8
488,6
488,16
488,72
489,26
489,21
489,69
489,20
489,30
490,12
490,65
490,46
490,73
491,35
491,18
491,37
491,74
491,32
491,9
492,8
492,3
492,56
492,37
492,61
493,56
493,9
493,24
493,28
493,5
493,55
494,46
494,66
494,19
494,23
494,29
495,8
495,47
495,9
495,58
496,28
496,29
496,33
496,20
496,67
497,14
497,62
497,1
497,61
497,40
497,34
498,27
498,17
498,49
498,5
499,69
499,4
499,17
499,30
499,64
499,13
500,56
500,26
500,67
500,43
500,13
501,32
501,63
501,74
501,15
502,64
502,46
502,56
502,52
503,4
503,52
503,19
503,55
503,17
503,8
504,50
504,56
504,13
504,26
504,35
505,55
505,34
505,66
505,14
505,42
505,20
506,4
506,72
506,13
506,48
506,59
507,13
507,37
507,18
507,11
507,53
508,4
508,62
508,75
508,17
508,72
508,51
509,30
509,66
509,4
509,49
509,8
509,53
510,32
510,6
510,59
511,38
511,6
511,45
512,9
512,10
512,6
513,46
513,40
513,12
513,69
513,61
514,42
514,22
514,46
514,68
514,32
515,30
515,32
515,28
515,40
516,39
516,1
516,62
516,33
516,30
517,31
517,21
517,11
517,34
518,26
518,18
518,22
518,71
518,10
518,41
519,28
519,21
519,5
519,58
519,52
520,40
520,29
520,38
521,44
521,11
521,9
521,10
521,30
521,16
522,72
522,59
522,2
522,22
522,56
523,25
523,2
523,32
524,28
524,67
524,38
524,40
524,34
525,35
525,37
525,7
525,4
525,2
526,6
526,27
526,10
526,41
526,58
526,39
527,32
527,15
527,25
528,25
528,18
528,4
529,4
529,72
529,30
529,61
529,23
529,69
530,29
530,18
530,9
531,18
531,42
531,74
532,67
532,70
532,34
533,51
533,2
533,70
533,36
534,34
534,70
534,50
534,52
534,68
535,36
535,12
535,24
535,62
535,73
535,51
536,27
536,68
536,4
536,67
537,41
537,19
537,29
538,51
538,6
538,53
538,61
538,65
539,5
539,17
539,72
540,70
540,50
540,35
540,6
540,28
541,39
541,49
541,67
542,73
542,35
542,25
543,30
543,12
543,27
543,62
544,7
544,52
544,37
544,2
545,13
545,6
545,56
545,61
546,28
546,73
546,60
546,14
547,29
547,9
547,17
547,44
547,65
547,61
548,66
548,48
548,56
548,75
548,32
548,57
549,52
549,46
549,50
549,73
549,30
550,14
550,24
550,45
550,10
550,4
550,54
551,8
551,59
551,15
551,30
551,45
552,43
552,5
552,36
553,17
553,74
553,22
553,56
553,40
554,32
554,63
554,50
554,4
554,65
554,33
555,37
555,34
555,4
556,42
556,66
556,24
557,38
557,11
557,22
557,59
558,52
558,58
558,61
558,14
558,73
559,73
559,11
559,5
559,8
559,3
559,36
560,35
560,40
560,23
561,44
561,3
561,59
561,31
561,29
562,8
562,3
562,57
562,66
562,26
563,20
563,23
563,30
563,11
563,51
563,6
564,41
564,1
564,59
564,69
565,5
565,55
565,29
565,33
566,25
566,6
566,49
566,53
566,52
566,66
567,35
567,57
567,44
567,73
567,4
567,11
568,54
568,21
568,56
568,70
568,66
569,35
569,53
569,62
569,37
570,59
570,51
570,71
570,49
570,37
571,46
571,70
571,68
572,34
572,3
572,10
573,21
573,34
573,33
573,63
573,3
574,15
574,29
574,20
574,50
574,8
575,9
575,13
575,60
575,71
576,4
576,8
576,35
576,7
576,68
576,61
577,46
577,57
577,15
577,44
578,49
578,50
578,38
578,11
578,30
579,72
579,45
579,55
579,56
579,35
580,20
580,7
580,43
580,46
581,9
581,41
581,74
581,23
581,19
581,15
582,62
582,30
582,46
582,68
583,27
583,39
583,22
583,18
584,55
584,63
584,45
584,5
584,69
584,10
585,48
585,32
585,20
586,51
586,57
586,66
586,35
587,44
587,62
587,11
587,8
587,18
588,23
588,12
588,2
588,9
588,4
588,24
589,25
589,59
589,52
589,70
589,66
590,34
590,72
590,50
590,14
590,51
591,31
591,10
591,41
591,18
591,4
591,49
592,38
592,45
592,3
593,41
593,75
593,2
593,69
593,51
594,75
594,58
594,13
595,52
595,16
595,73
595,3
595,2
595,72
596,45
596,23
596,52
596,6
596,19
596,37
597,22
597,73
597,61
597,38
597,75
597,33
598,51
598,70
598,53
599,42
599,22
599,59
599,51
600,65
600,11
600,51
600,34
601,63
601,5
601,38
601,21
601,35
601,50
602,16
602,33
602,2
602,14
603,20
603,60
603,31
603,6
603,29
604,14
604,13
604,5
605,6
605,33
605,54
606,45
606,15
606,7
606,50
607,21
607,69
607,74
607,63
608,46
608,51
608,66
608,73
609,42
609,68
609,10
609,7
610,74
610,39
610,13
611,12
611,1
611,7
611,36
611,71
611,40
612,59
612,50
612,16
612,29
612,40
613,66
613,65
613,4
613,47
614,13
614,56
614,20
614,36
614,15
614,48
615,28
615,43
615,19
615,72
615,29
616,30
616,62
616,46
617,53
617,44
617,55
617,57
618,33
618,7
618,68
619,66
619,41
619,26
619,27
619,30
620,49
620,45
620,33
620,1
621,65
621,18
621,55
621,62
621,12
621,67
622,13
622,29
622,14
622,55
622,52
623,15
623,57
623,67
623,28
624,28
624,35
624,47
624,42
625,33
625,73
625,20
625,4
625,29
626,62
626,69
626,3
626,44
627,26
627,34
627,30
627,10
628,48
628,25
628,14
628,1
628,51
629,74
629,43
629,53
629,44
629,33
630,36
630,46
630,10
630,56
630,29
630,61
631,37
631,4
631,14
631,68
631,7
632,29
632,69
632,57
632,38
633,52
633,1
633,9
633,51
633,20
633,27
634,51
634,64
634,13
634,53
634,22
635,40
635,72
635,5
635,39
636,18
636,33
636,66
636,39
636,61
637,56
637,43
637,67
637,42
638,36
638,6
638,40
638,65
639,64
639,39
639,34
639,21
639,38
640,43
640,20
640,34
640,50
640,57
641,22
641,50
641,6
641,12
641,75
641,27
642,7
642,67
642,40
642,6
642,54
643,42
643,17
643,2
644,31
644,46
644,67
644,56
645,5
645,43
645,3
646,4
646,22
646,36
646,27
646,55
646,38
647,6
647,5
647,64
647,50
648,49
648,37
648,56
649,30
649,43
649,54
650,27
650,75
650,66
650,12
650,44
650,52
651,31
651,67
651,63
651,10
652,51
652,28
652,33
652,1
652,37
652,5
653,11
653,24
653,33
653,58
653,56
654,13
654,39
654,7
654,62
654,23
655,71
655,27
655,17
655,6
655,52
656,73
656,65
656,39
657,49
657,44
657,13
658,21
658,26
658,10
658,23
658,74
659,68
659,73
659,3
659,29
659,52
660,68
660,54
660,23
661,51
661,54
661,25
662,29
662,12
662,58
662,70
663,33
663,25
663,65
663,50
664,38
664,33
664,19
664,35
665,75
665,36
665,65
665,29
665,25
666,14
666,28
666,36
667,42
667,29
667,21
667,5
668,50
668,34
668,33
668,28
669,49
669,6
669,5
669,20
669,64
670,39
670,47
670,52
670,46
670,26
670,37
671,34
671,62
671,20
671,75
671,46
672,50
672,8
672,10
672,34
673,64
673,27
673,59
674,6
674,35
674,44
674,1
674,64
675,56
675,55
675,47
675,63
675,25
676,38
676,13
676,11
676,21
676,44
676,47
677,49
677,16
677,7
677,56
677,26
678,30
678,62
678,50
679,18
679,29
679,13
679,45
680,65
680,57
680,22
680,49
680,62
681,5
681,65
681,26
681,32
682,16
682,36
682,72
682,2
683,48
683,37
683,28
684,40
684,19
684,17
685,21
685,54
685,35
686,10
686,25
686,21
686,54
687,51
687,70
687,63
687,23
688,64
688,32
688,27
689,20
689,32
689,25
690,71
690,34
690,9
690,74
691,11
691,46
691,68
691,36
691,23
692,56
692,72
692,74
692,29
692,17
693,56
693,55
693,48
694,57
694,72
694,51
694,43
695,7
695,48
695,60
696,60
696,74
696,48
696,46
697,59
697,26
697,70
697,62
698,27
698,17
698,29
698,37
698,14
699,30
699,55
699,66
700,39
700,64
700,8
700,49
701,7
701,40
701,39
701,27
702,2
702,59
702,42
702,54
702,32
702,14
703,65
703,7
703,49
703,21
704,66
704,64
704,63
705,71
705,55
705,4
705,56
705,50
706,67
706,2
706,72
706,6
707,41
707,5
707,18
707,57
708,58
708,19
708,33
709,12
709,66
709,16
709,10
709,50
709,62
710,27
710,5
710,68
710,53
710,29
711,26
711,22
711,31
711,68
711,44
712,62
712,74
712,65
712,31
712,28
713,16
713,73
713,2
713,5
713,41
714,68
714,23
714,59
715,53
715,18
715,70
716,18
716,41
716,46
717,25
717,52
717,60
717,11
717,51
717,47
718,37
718,28
718,75
719,48
719,1
719,13
719,58
719,52
720,23
720,39
720,29
720,43
721,6
721,7
721,3
721,24
722,42
722,5
722,35
722,68
722,9
723,2
723,17
723,53
723,45
724,64
724,5
724,50
724,15
724,40
725,32
725,30
725,67
725,75
725,56
725,73
726,2
726,1
726,20
726,61
727,10
727,32
727,72
727,71
727,20
728,52
728,18
728,43
728,25
729,18
729,15
729,17
729,5
730,35
730,46
730,1
730,19
730,2
731,59
731,56
731,51
732,18
732,51
732,55
732,47
732,58
733,38
733,61
733,24
733,35
733,2
734,30
734,7
734,64
734,8
734,1
735,60
735,1
735,32
736,51
736,50
736,29
736,36
737,28
737,21
737,12
737,43
738,12
738,16
738,72
738,30
738,27
739,72
739,69
739,58
739,11
739,56
740,22
740,24
740,14
740,46
741,11
741,59
741,56
741,28
741,9
742,43
742,51
742,48
742,75
742,42
743,67
743,10
743,25
743,53
743,45
743,68
744,45
744,16
744,58
744,43
744,2
744,29
745,53
745,18
745,25
745,36
745,66
746,21
746,75
746,40
747,15
747,35
748,72
748,58
748,73
748,32
749,56
749,7
749,19
749,64
749,47
749,65
750,49
750,12
750,73
750,56
750,17
751,55
751,63
751,9
751,47
752,8
752,27
752,25
752,3
753,31
753,68
753,53
754,22
754,31
754,1
754,29
754,66
754,69
755,20
755,71
755,12
756,19
756,70
756,35
757,47
757,43
757,18
757,13
758,53
758,46
758,6
758,71
758,8
759,5
759,41
759,40
759,39
759,50
760,62
760,38
760,16
760,75
760,2
760,14
761,10
761,27
761,16
761,2
761,32
761,61
762,28
762,44
763,37
763,60
763,72
763,74
764,60
764,49
764,11
764,4
765,39
765,58
765,27
766,54
766,24
766,51
766,49
766,60
767,32
767,64
767,2
767,38
768,61
768,64
768,46
768,15
768,16
769,58
769,50
769,28
769,54
770,23
770,50
770,55
771,68
771,19
771,9
771,66
771,21
772,75
772,28
772,65
773,40
773,39
773,61
773,18
773,3
773,58
774,75
774,45
774,56
774,47
774,28
774,35
775,60
775,74
775,61
775,35
776,37
776,36
776,57
776,9
776,15
776,42
777,37
777,67
777,30
777,66
777,41
777,32
778,21
778,33
778,32
778,53
779,55
779,51
779,29
780,10
780,11
780,22
780,60
781,29
781,38
781,51
781,35
781,2
781,37
782,16
782,56
782,37
782,39
783,71
783,8
783,20
783,13
783,22
783,67
784,56
784,15
784,8
784,46
784,41
784,40
785,40
785,58
785,5
786,37
786,72
786,28
786,34
786,36
787,37
787,66
787,44
787,72
788,5
788,17
789,42
789,44
789,61
789,22
789,38
789,4
790,3
790,70
790,73
790,54
791,4
791,66
791,50
791,14
791,16
791,74
792,50
792,12
792,64
793,46
793,75
793,5
793,53
794,70
794,41
794,25
794,2
794,17
794,61
795,33
795,56
795,66
795,13
795,54
795,58
796,12
796,7
796,55
796,20
796,45
797,11
797,59
797,47
797,15
798,13
798,27
798,41
798,21
799,11
799,27
799,38
799,72
799,75
800,63
800,73
800,60
801,50
801,47
801,67
801,68
801,61
801,23
802,1
802,23
802,40
803,27
803,18
803,32
803,59
804,11
804,63
804,65
804,71
805,51
805,55
805,70
805,65
805,56
805,61
806,62
806,17
806,26
806,49
806,5
807,18
807,57
807,28
807,20
807,50
808,8
808,45
808,29
808,20
808,37
808,73
809,43
809,20
809,9
809,51
809,10
810,4
810,10
810,12
811,71
811,33
811,8
811,27
812,44
812,36
812,46
812,26
812,21
812,53
813,46
813,15
813,55
814,43
814,65
814,14
814,2
814,8
814,19
815,28
815,26
815,9
815,21
815,59
815,66
816,42
816,38
816,40
817,58
817,7
817,6
817,37
818,4
818,41
818,19
819,14
819,30
819,33
819,74
819,64
820,25
820,10
820,17
820,37
820,4
820,31
821,23
821,32
821,59
821,14
822,26
822,73
822,47
823,35
823,13
823,11
823,39
824,49
824,39
824,70
824,18
825,18
825,39
825,69
825,16
826,27
826,57
826,52
827,4
827,51
827,62
828,38
828,61
829,24
829,27
829,62
829,71
829,26
830,18
830,56
830,26
830,47
831,30
831,7
831,32
831,15
831,47
831,9
832,28
832,56
832,43
833,58
833,57
833,59
833,48
833,6
834,34
834,17
834,67
834,14
835,26
835,42
835,14
835,1
835,29
836,25
836,39
836,40
836,48
836,30
836,4
837,36
837,40
837,24
837,15
838,45
838,20
838,73
839,63
839,59
839,15
839,29
839,45
839,8
840,31
840,22
840,26
841,18
841,49
841,52
841,46
841,11
841,5
842,74
842,46
842,37
842,48
842,43
843,15
843,50
843,39
844,8
844,66
844,62
844,36
844,7
845,41
845,55
845,59
845,75
845,72
845,66
846,22
846,66
846,6
846,52
847,25
847,41
847,26
847,15
847,22
848,54
848,73
848,33
848,17
848,12
848,34
849,36
849,74
849,24
849,59
850,3
850,19
850,40
850,66
850,18
851,5
851,60
851,65
851,64
851,67
851,6
852,14
852,38
852,53
852,60
852,69
853,53
853,4
853,34
853,8
853,38
854,65
854,4
854,18
854,70
854,8
855,41
855,13
855,21
855,39
856,67
856,19
856,11
856,68
856,64
857,55
857,47
857,20
858,52
858,42
858,37
858,64
858,72
858,10
859,3
859,12
859,27
859,47
860,66
860,19
860,23
860,17
860,55
860,6
861,46
861,40
861,33
862,48
862,40
862,53
862,52
862,61
863,48
863,42
863,53
863,20
863,17
863,62
864,33
864,55
864,74
864,61
864,7
865,68
865,64
865,45
865,17
866,19
866,61
866,20
866,30
866,43
866,9
867,22
867,54
867,53
867,39
867,35
868,2
868,62
868,46
868,11
869,63
869,51
869,59
869,6
869,55
870,63
870,68
870,20
870,42
870,19
871,49
871,16
871,15
871,42
872,61
872,67
872,58
872,68
873,64
873,20
873,8
873,25
874,43
874,34
874,63
874,38
874,5
874,56
875,28
875,4
875,74
876,52
876,38
876,32
876,39
876,56
877,57
877,42
877,36
877,16
877,48
878,37
878,27
878,14
879,3
879,34
879,43
879,15
879,52
880,38
880,70
880,36
880,48
880,19
880,64
881,14
881,49
881,57
882,1
882,60
882,31
882,18
882,41
883,27
883,63
883,22
883,37
884,29
884,27
884,8
884,59
884,36
885,60
885,61
885,47
885,55
885,9
886,45
886,8
886,42
886,14
887,70
887,64
887,43
887,19
887,26
887,9
888,64
888,63
888,60
888,41
889,64
889,36
889,70
890,74
890,17
890,54
891,19
891,49
891,13
892,72
892,28
892,19
892,1
892,15
893,11
893,43
893,16
894,54
894,51
894,10
894,53
894,58
895,56
895,57
895,51
895,70
895,18
896,62
896,50
896,14
896,43
896,36
896,19
897,6
897,13
897,22
897,5
897,1
898,44
898,6
898,21
898,54
898,57
899,56
899,71
899,73
900,16
900,51
900,8
900,4
900,18
900,31
901,50
901,41
901,17
901,37
901,18
901,73
902,71
902,19
902,31
903,4
903,28
903,63
903,72
904,47
904,61
904,55
904,68
904,1
904,54
905,49
905,35
905,4
905,68
906,14
906,66
906,32
906,55
906,33
907,67
907,60
907,73
907,71
908,33
908,16
908,12
908,45
908,52
909,47
909,54
909,65
909,57
909,64
909,49
910,7
910,63
910,42
911,14
911,3
911,45
911,10
912,61
912,16
912,30
912,19
913,10
913,22
913,36
913,61
913,47
913,24
914,6
914,38
914,57
914,70
915,37
915,32
915,2
915,39
915,61
915,20
916,26
916,24
916,40
916,10
917,22
917,51
917,39
917,24
917,59
918,12
918,46
918,30
918,1
918,70
919,59
919,17
919,37
919,50
920,44
920,33
920,1
921,25
921,33
921,28
921,1
922,5
922,59
922,37
923,68
923,15
923,10
923,20
924,23
924,4
924,56
924,21
925,57
925,42
925,7
925,58
926,37
926,75
926,17
926,70
926,67
927,32
927,15
927,58
928,30
928,66
928,41
928,15
928,40
928,20
929,54
929,34
929,15
929,3
929,1
930,65
930,24
930,8
930,42
930,21
931,5
931,4
931,34
932,4
932,38
932,62
932,64
933,12
933,26
933,23
933,45
934,19
934,47
934,25
934,60
934,49
935,45
935,11
935,32
935,30
935,13
935,31
936,40
936,67
936,48
937,16
937,47
937,32
938,40
938,16
938,22
938,53
938,28
939,18
939,26
939,11
939,56
939,10
939,49
940,74
940,32
940,39
940,33
941,50
941,16
941,14
941,47
941,59
941,62
942,28
942,43
942,20
942,35
942,42
942,26
943,52
943,35
943,42
944,17
944,27
944,48
945,42
945,73
945,6
945,8
945,59
945,18
946,64
946,66
946,28
946,36
946,33
946,20
947,16
947,41
947,29
947,44
948,16
948,54
948,28
949,66
949,69
949,12
949,50
950,50
950,18
950,51
951,67
951,51
951,19
951,12
952,26
952,63
952,61
952,49
953,33
953,72
953,2
953,68
954,4
954,49
954,67
954,51
954,19
955,34
955,13
955,53
955,15
956,52
956,7
956,63
956,11
956,73
957,44
957,50
957,46
958,31
958,53
958,18
958,29
958,52
959,32
959,25
959,73
960,73
960,44
960,24
960,14
961,54
961,7
961,66
961,43
962,45
962,56
962,30
962,49
963,29
963,60
963,17
964,48
964,12
964,60
964,66
964,54
965,34
965,10
965,59
965,60
965,20
966,68
966,47
966,55
967,45
967,60
967,43
967,57
968,19
968,31
968,13
969,35
969,47
969,29
969,73
970,57
970,46
970,48
970,5
971,50
971,69
971,46
971,45
972,39
972,66
972,34
972,59
972,11
972,7
973,72
973,35
973,40
974,55
974,72
974,75
974,26
975,36
975,12
975,54
975,51
976,38
976,63
976,12
976,53
976,29
977,62
977,16
977,66
977,46
978,5
978,11
978,42
979,57
979,12
979,25
979,5
980,17
980,11
980,61
980,9
980,7
980,19
981,17
981,64
981,56
981,62
981,38
981,2
982,70
982,16
982,12
982,69
982,72
983,5
983,30
983,70
983,72
983,20
984,49
984,6
984,17
985,50
985,72
985,10
985,58
985,40
986,27
986,55
986,62
986,9
986,49
987,1
987,14
987,39
987,29
987,73
988,2
988,51
988,10
988,12
988,32
988,9
989,68
989,58
989,71
989,40
989,65
989,5
990,64
990,63
990,48
990,20
991,27
991,35
991,70
992,64
992,58
992,19
993,41
993,52
993,57
993,35
994,48
994,51
994,74
994,11
994,3
994,28
995,32
995,45
995,56
995,72
996,11
996,4
996,30
997,31
997,26
997,68
997,21
997,71
998,66
998,21
998,8
999,33
999,43
999,45
999,55
999,48
1000,1
1000,75
1000,64
1000,17
1001,49
1001,1
1001,24
1001,3
1002,47
1002,28
1002,53
1002,25
1002,32
1003,26
1003,54
1003,74
1003,49
1003,6
1003,22
1004,27
1004,13
1004,8
1005,19
1005,71
1005,51
1005,47
1005,24
1006,21
1006,66
1006,19
1006,64
1007,58
1007,24
1007,37
1008,45
1008,57
1008,32
1008,74
1008,6
1009,28
1009,35
1009,31
1009,56
1010,31
1010,47
1010,63
1010,53
1010,26
1011,66
1011,68
1011,41
1011,6
1011,30
1011,29
1012,55
1012,16
1012,70
1012,10
1013,55
1013,66
1013,49
1013,59
1013,13
1013,26
1014,51
1014,27
1014,70
1015,56
1015,68
1015,66
1016,48
1016,14
1016,49
1016,38
1016,66
1017,23
1017,54
1017,70
1017,32
1017,25
1018,30
1018,11
1018,33
1019,29
1019,64
1019,33
1019,5
1019,51
1019,45
1020,60
1020,54
1020,27
1020,7
1020,37
1020,30
1021,19
1021,44
1021,70
1021,38
1022,55
1022,39
1022,48
1022,41
1022,34
1022,30
1023,51
1023,43
1023,5
1023,75
1023,27
1023,13
1024,32
1024,46
1024,19
1024,65
1025,52
1025,33
1025,2
1025,54
1025,41
1025,19
1026,9
1026,27
1026,50
1026,52
1027,60
1027,28
1027,15
1028,49
1028,15
1028,50
1028,67
1029,60
1029,62
1029,70
1029,11
1030,1
1030,46
1030,8
1030,73
1031,18
1031,64
1031,50
1031,26
1031,25
1031,8
1032,26
1032,62
1032,36
1032,23
1032,71
1033,65
1033,68
1033,54
1033,7
1033,20
1033,25
1034,40
1034,54
1034,10
1035,4
1035,49
1035,38
1035,66
1036,37
1036,18
1036,22
1036,39
1037,40
1037,58
1037,28
1037,66
1038,7
1038,27
1038,49
1038,42
1039,50
1039,6
1039,51
1039,12
1039,21
1040,20
1040,46
1040,40
1040,24
1040,6
1040,62
1041,46
1041,45
1041,66
1041,70
1041,28
1042,31
1042,54
1042,9
1043,39
1043,69
1043,60
1043,43
1043,57
1044,63
1044,17
1045,55
1045,50
1045,24
1046,72
1046,49
1046,25
1046,52
1046,4
1047,62
1047,44
1047,47
1047,57
1048,11
1048,8
1048,67
1048,41
1048,21
1049,7
1049,47
1049,61
1049,31
1050,5
1050,2
1050,62
1051,60
1051,55
1051,32
1051,52
1051,23
1051,14
1052,37
1052,39
1052,30
1052,4
1053,27
1053,55
1053,37
1054,36
1054,40
1054,15
1054,60
1054,18
1055,40
1055,70
1055,44
1055,5
1055,39
1056,33
1056,60
1056,65
1056,68
1057,1
1057,41
1057,59
1057,15
1058,55
1058,46
1058,33
1059,18
1059,65
1059,40
1060,44
1060,52
1060,23
1060,7
1060,60
1061,21
1061,30
1061,62
1061,55
1062,15
1062,40
1062,12
1062,59
1062,21
1062,56
1063,18
1063,9
1063,4
1063,72
1063,69
1063,62
1064,31
1064,6
1064,69
1064,39
1065,74
1065,60
1065,33
1065,73
1065,45
1065,71
1066,67
1066,47
1066,73
1066,5
1066,24
1067,29
1067,64
1067,48
1067,33
1067,32
1067,9
1068,38
1068,66
1068,5
1068,62
1069,21
1069,12
1069,68
1069,71
1069,26
1069,7
1070,37
1070,9
1070,72
1070,29
1070,22
1071,56
1071,41
1071,26
1071,60
1072,1
1072,26
1072,7
1072,3
1073,50
1073,47
1073,56
1074,21
1074,1
1074,55
1074,5
1075,8
1075,51
1075,15
1075,48
1076,71
1076,18
1076,49
1076,67
1076,13
1077,63
1077,1
1077,60
1077,31
1077,52
1078,56
1078,49
1078,3
1079,66
1079,38
1079,30
1079,51
1079,64
1080,48
1080,7
1080,8
1080,53
1080,55
1080,21
1081,43
1081,25
1081,19
1081,63
1082,41
1082,1
1082,47
1082,48
1082,11
1083,17
1083,5
1083,19
1083,7
1083,40
1083,34
1084,6
1084,11
1084,17
1084,18
1084,31
1085,27
1085,21
1085,57
1085,26
1085,53
1086,17
1086,40
1086,24
1086,59
1086,4
1087,16
1087,5
1087,19
1087,54
1088,66
1088,28
1088,8
1088,10
1088,68
1089,35
1089,61
1089,72
1089,57
1089,60
1089,75
1090,73
1090,44
1090,14
1091,30
1091,6
1091,31
1091,15
1091,27
1092,51
1092,52
1092,17
1092,73
1093,72
1093,27
1093,63
1093,20
1094,50
1094,57
1094,46
1095,62
1095,63
1095,8
1096,37
1096,23
1096,65
1096,61
1097,41
1097,12
1097,34
1098,17
1098,70
1098,8
1098,41
1098,11
1099,65
1099,17
1099,23
1099,4
1100,8
1100,9
1100,70
1101,62
1101,7
1101,68
1101,69
1101,10
1102,59
1102,73
1102,3
1102,36
1102,46
1102,58
1103,45
1103,9
1103,23
1104,74
1104,1
1104,51
1105,73
1105,29
1105,20
1105,63
1106,45
1106,68
1106,63
1107,70
1107,23
1107,65
1108,13
1108,39
1108,12
1108,15
1108,74
1109,69
1109,57
1109,74
1109,75
1109,37
1110,37
1110,65
1110,57
1110,69
1110,60
1110,20
1111,75
1111,35
1111,10
1111,37
1111,5
1112,17
1112,63
1112,75
1112,42
1112,34
1112,16
1113,56
1113,29
1113,32
1113,50
1113,70
1114,52
1114,17
1114,33
1115,33
1115,31
1115,44
1116,34
1116,49
1116,14
1117,31
1117,63
1117,42
1117,60
1118,11
1118,66
1118,75
1118,60
1118,5
1118,56
1119,51
1119,73
1119,74
1119,34
1120,18
1120,49
1120,8
1120,3
1121,57
1121,1
1121,45
1122,42
1122,24
1122,27
1122,57
1122,28
1122,26
1123,43
1123,57
1123,36
1123,21
1123,39
1124,71
1124,10
1124,68
1125,74
1125,70
1125,32
1125,13
1125,64
1125,16
1126,65
1126,70
1126,22
1126,15
1126,42
1126,67
1127,75
1127,29
1127,67
1127,13
1127,58
1127,30
1128,12
1128,61
1128,33
1129,3
1129,43
1129,50
1129,32
1129,56
1130,65
1130,73
1130,58
1130,9
